-- MySQL dump 10.13  Distrib 8.0.25, for Linux (x86_64)
--
-- Host: localhost    Database: waran_revision
-- ------------------------------------------------------
-- Server version	8.0.25-0ubuntu0.20.04.1

/*!40101 SET @OLD_CHARACTER_SET_CLIENT=@@CHARACTER_SET_CLIENT */;
/*!40101 SET @OLD_CHARACTER_SET_RESULTS=@@CHARACTER_SET_RESULTS */;
/*!40101 SET @OLD_COLLATION_CONNECTION=@@COLLATION_CONNECTION */;
/*!50503 SET NAMES utf8mb4 */;
/*!40103 SET @OLD_TIME_ZONE=@@TIME_ZONE */;
/*!40103 SET TIME_ZONE='+00:00' */;
/*!40014 SET @OLD_UNIQUE_CHECKS=@@UNIQUE_CHECKS, UNIQUE_CHECKS=0 */;
/*!40014 SET @OLD_FOREIGN_KEY_CHECKS=@@FOREIGN_KEY_CHECKS, FOREIGN_KEY_CHECKS=0 */;
/*!40101 SET @OLD_SQL_MODE=@@SQL_MODE, SQL_MODE='NO_AUTO_VALUE_ON_ZERO' */;
/*!40111 SET @OLD_SQL_NOTES=@@SQL_NOTES, SQL_NOTES=0 */;

--
-- Table structure for table `cards`
--

DROP TABLE IF EXISTS `cards`;
/*!40101 SET @saved_cs_client     = @@character_set_client */;
/*!50503 SET character_set_client = utf8mb4 */;
CREATE TABLE `cards` (
  `id` bigint unsigned NOT NULL AUTO_INCREMENT,
  `recto` text NOT NULL,
  `verso` text NOT NULL,
  `streak` tinyint DEFAULT '0',
  `next_revision` datetime DEFAULT CURRENT_TIMESTAMP,
  `user_id` bigint unsigned DEFAULT '0',
  `reverse` tinyint(1) DEFAULT '0',
  `recto_comment` text,
  `verso_comment` text,
  `recto_formula` tinyint(1) DEFAULT '0',
  `verso_formula` tinyint(1) DEFAULT '0',
  `recto_image` tinyint(1) DEFAULT '0',
  `verso_image` tinyint(1) DEFAULT '0',
  PRIMARY KEY (`id`),
  UNIQUE KEY `id` (`id`),
  KEY `t_cards_t_users_fk` (`user_id`),
  CONSTRAINT `t_cards_t_users_fk` FOREIGN KEY (`user_id`) REFERENCES `users` (`id`) ON DELETE CASCADE ON UPDATE CASCADE
) ENGINE=InnoDB AUTO_INCREMENT=92 DEFAULT CHARSET=utf8mb4 COLLATE=utf8mb4_0900_ai_ci;
/*!40101 SET character_set_client = @saved_cs_client */;

--
-- Dumping data for table `cards`
--

LOCK TABLES `cards` WRITE;
/*!40000 ALTER TABLE `cards` DISABLE KEYS */;
INSERT INTO `cards` VALUES (1,'363d56b024830180','462c5ce62b8848c5fa11cbafdcc0264f0511b24bb854ab3e686d216209a64dc99fd5f2e9fe5b8aebabde041beca637653a724e11938491f037c9405625ef5c5c8281a8790b387bcec7a19dc1d3d0e538bb212cfc4786033c44741de0dc03cedf012b824b62121b',1,'2021-10-08 17:21:35',1,1,NULL,NULL,0,0,0,0),(2,'3f3c15f370c04fd0bb4398acc9d76a594c4abc4fe61daa23696c627141ac45cd849de8abf85986ace7d51f4ea2a078673a75025496869cb521d5143f68a87946818af17616276fd3d9f182d1d291a12de984e9f60f649676177709fcc203dfdd5e798d5c7f1d49520333cf2fe7584bfaa223738974837c63ffa2214d6127ccc18a01313138986edd1bff2ac567ff5137fd614692183176198a8f623a9d61ab1f74997ebcf0fbb9976444b069743543c03f550ecc8ad664d0a5d427c4d9ae61d4abc53d711ba9817bcf9901c00ad8f785aaff1278b1131162312953f4561be5fd0dbafe3e10030a68aaf8d528a49f028a046a36d889eab0654f9e9b','372941be35860f8faa4b',8,'2021-10-21 23:29:54',2,1,NULL,NULL,0,0,0,0),(3,'3e275bfe709455daee0ccbacc4cc390a5c56f04cb456e2','363d56b024830180',5,'2021-10-10 23:21:37',1,1,NULL,NULL,0,0,0,0),(4,'363d56b024830180','3e275bfe709455daee0ccbacc4cc390a5c56f04cb456e2',2,'2021-10-08 23:21:40',1,1,NULL,NULL,0,0,0,0),(5,'3e275bfe709455daee0ccbacc4cc390a5c56f04cb456e2','363d56b024830180',1,'2021-10-08 17:21:42',1,1,NULL,NULL,0,0,0,0),(6,'302d54fe35850c8fa8','392d56f935c752d2f5168db5cd99264b1845b94ffbfc6538626a216348a94785ca87b9bcb05c8efdf9d60050bea03667306e0011394ad9e12080570269bf79f0429bbf3c49777ad28efdd1d8c5d0f238ee2b63e315c65633736d19fbce1fc9d91f74c8437e0d05464b748934fc0c07fee72f7a976fc09fa8bcee0facf620d6c7de27792f30cb6e96',1,'2021-10-08 17:21:45',1,1,NULL,NULL,0,0,0,0),(7,'392d56f935c752d2f5168db5cd99264b180fa35aba51ec3f7361236319e744ca9ed3e5bef25c85e6ad8d5042a3a93c2b6b761d54da2950e120d25a086bbd7d0fc39cbd380b692e87c7a08493c99cf27dfa3733e702c9517659705c4d421fd8c81f2bde5f6a0a05444a68c525b40e00e2a93e399665d03b69e4f4650d303fc796c0077e3337d9d9161dff2ac567ff5137fd61469209303f41694a6a758763b012338a2cadf6aef7c4604aab3d62321ac03f1b0cc484cc7992bcc26283d4ae7b95a5c5236619e1ac77c4884f8e59c4f7cba8a0427cab13017324305fe90508efb30de2a93a0a440772e6b7ce8461d700881173398a86eab47d4dc58869b7f84ec294ddcfe0622a31b8066e0bb3565d1208693dc26619c66168060fa8b1a5aeef3fc37c4530','302d54fe35850c8fa8',8,'2021-10-21 23:30:07',2,1,NULL,NULL,0,0,0,0),(8,'2b3d50b061db4ec6bb0c8abfc0dc245e1842a54ffb4ba3252b382b694ab102c99587f4bae7548caeaac3094ca9f87a6f3a6e001c8d8f90f22dd40e4d65be7457ced1a33608776bce93f1bb770998ee2bfa2f7fba14d75e7d09285cfa971fc9de1337d940624456524b7d892cec0c5afeb72b7ac173cd256df5f36709303dd7998901783a31cc20980be2239d6ab2752450f7199f353e231975097c259568fb5e60892cecebe1bec3750ba97c313206de28430e83','2a3b1bb02d870184a3',7,'2021-10-16 20:22:59',2,1,NULL,NULL,0,0,0,0),(9,'292956f870ce1bc4ee1acbe0dbc92b441840a453b75af16e6177217209b247cc97cfbcf3b7578de2bd954e6a0f6c306623611c119f998db501c951183bfe6b438d81f377451429d894a5d1d8d599a12cee2e63fb08d24c33562440fd925ec28d4c63d4436e590751517fdd6dfe490feaaf3e2ec162d63065b2f0230e3627d088d117613c378636980cf96f9727f95276ff2a0392412c260c27067c218d6aa043319a31a2eba3bcd2794cad692b6601c336420c9c8ad27ddeb9d36e8ad3b43289e8d93f6355e1c6','2a3b1bb024840b8fa8',7,'2021-10-16 20:23:24',2,1,NULL,NULL,0,0,0,0),(10,'4b6865f970c649d0bb4cd1ed9c','378b9ffd709448dcbb0984a9db9976594852be0aa84bb52062256d604bab568887c2a1aeff41d8aebbd81c44eefb2b66206612439f90d9a96ad3440c69ef685c999ded35047732ce97b09f94d384f831fe7a61f308c94b3e406115e98a4b968d5d78c14b295a4f424d65c023ec1049feb72b7adf2c992a6ee5bd65acf527c6c7de58622d38d63acb1df4239c75ae4739fd2b47c5183631053d1c2f379b6aa15c2d943bb9edebbecf2c04b66d70285d82',4,'2021-10-16 05:26:46',2,1,NULL,NULL,0,0,0,0),(11,'392947b063db42d0e15fcafce2dc6a494af0794ffb4aa26c3b6b3f674ae551d189cbadf4b54187f6ad9a1445afaa2a6821691b5fc0ca8cfb21c546016ebf7d11d281a22c13326fc8c7b298d1ccccae2eeb262dab47c24b33426a19aede4cdccc5137de5b7208400a1c65cc38fd0102e8a425668074d0336faaee30013b36d1d8970a747f67d675cd1fe823952dac5533e12d0f8e522c260c27182f6ed469ab5e7d997ebffaaef7c4604aab3d62321ac03f1b0cc484cc7992bcc26283d4ae7b95a5c5236619e19a7fd18d16cd46d1e4c4b6fc036aff5f076568265ea60718f9b309f6fa28bacd076facf7c437a9951e9842662cc4c3f5ac615280db2ef1e149d3d7ced8e66b3665be557c05b1120c583bc6f18c310c894c745911beacfee9e87582701472f686dd430e36384340e37374f6b5cfb1d3723a21f8c3564af40f66854d15','333b1bb023810184ac',7,'2021-10-21 05:28:44',2,1,NULL,NULL,0,0,0,0),(12,'392947b074d854c7e85f82b088c06a4b4d41b10aae51a96c3b6b3f674ae551d189cbadf4b5538de0ad9a0745a5a2307d6f20165e968edbab22d2550363b438479e86af2c09367ad488bfcd9bd380e033a56720fa0aca5a335e685ce0c5468cc85137cc0f371755565031da34f04003b0e52c7b8f74942b64f9a92d1b6573c1db9200336333d977d900fe6f9c3dac1d79e02f0bdc433b331d3c4f7c759863e51d7c9133a9f1edaeda7545b13d753343c135484ac7cbc7799fa8c86689d9fa28d9e7c4687b1bba863ec08801c00ac4fad0e5a2','372941be35860f8fa94e',7,'2021-10-16 20:26:29',2,1,NULL,NULL,0,0,0,0),(13,'363d56b027850184a2','2a2947b063db4fc7fe5fd7afd8d8240a4b47a946be02ee2a68763b2b53a04bc298d3f2e9f55a8eeafb89154ea8b02a683b63110dd59989f42b9e184d71be6d40ccd3be2904392ece93a89dd19dd2e732f5336ee202ce587b433e5cec8d53c88f0167dfeca21740454874db25f30c5aa2b43a758f3ecf3375e2ab65532c23c2dade17652435dd279a0fe2218d65fb443ff4371e885d3d39012d0431239d63f951608c3fa2a1a0',6,'2021-10-18 17:15:57',2,1,NULL,NULL,0,0,0,0),(14,'282758be358d0187a9','292115d47cd14e95fa5f9db3ddd53f0a555cbe5ea95abe6c74796f654ba9e10d82c2e8ace31584efb0c51500afaa366734c3da45888fd9e62480081e77b076139f9bb435006a2cdb88bf8599d795e83af33379b505c85377153a0cfb8b4cdfcc5174c81324175556502f8560ec5846fee02378c161996072e0af2b4f2c27dad89b59333b36d66e951ee8269e20f81b76f13006d65f6125183956602780c56c5e2fd32dbcfee0f5d6664ea63d2d3513cd34065dd692ce6882e9c1648ac8f736d0aecd277601ff8a71cd99519f48d1f7d0f5e31769ff570736382442a01113e9f659aba62809050c22f4bdc467ba3889d70b733181c8edb32445c59528befbe31ecbcf8ab5763224ec067f10a65e1a1160ccfbdf6747914769130eafffb9e3f323c6304573510d915a1b24764505ea21d22ee1d1b1d3753c1bf9c31f0cf30c3bc4004ba5b1c92bbd7205367dd172c2076de3e28dc99aaf4ef63434257238871f987f',2,'2021-10-15 18:43:02',2,1,NULL,NULL,0,0,0,0),(15,'463b45f17b9448c1e2138ee18adf25444c1ea74fb258a4383d382d6948a1009bbac2e8bae25c91ae9374d948a3b33961692f07419b84c7bb65e3130874a5385f2f4fed340a392ed388bcd18f809ae47df52263f108c9517617691daede4cdccc5137de5b7208400a1c77c62efd0111e8ae2d7c953a993e6efcaa6751383fccdd8c01319ef9986add1bfe209726e91d79e02f0bdc437f3804694b6e75c875b51f7ddc2db8e6e2ae8a324daa73656b14c9334146d6d1826fd0a7c329dad0b534d4a9cd2a225aaa903ed28912d55fd1e599b9ff1278b10d4c','333b1bb02186018d',7,'2021-10-17 23:31:28',2,1,NULL,NULL,0,0,0,0),(16,'308b9ce23b940a85a14dd8','b9dc15dad61d53daed1e83f088d32f0a4b52b959fb5da52969383e7341e54e8298c8a5a4f2158cebf9c71555b8e5647a25611a11899e80f9209d160b68bf6c1e9b8aa43e0d23349d85be9dd082cef13ce86737e708d2497645240fe18c1fcfc55a7ac4412b104a424a31da25fc405aa2b43a758f3e977c42f5ee2b483a20d7948e05627d9a183ad44ee5209425e90127e6364adf1c2d35052c066b30d43ab60e72927ebfebf7a7d22d09a3727f324edb3f4f49ca9f982ddda4cb6fc682be28c7aecd2a701bac8d6d818d12d2169be5d5f7e25c37',7,'2021-10-16 20:29:27',2,1,NULL,NULL,0,0,0,0),(17,'288b9ce63b940f8faa4e','2e3d15f5669407c6eb1e85fcdbcd33465d0ef24cb451b861707d26614cb1188592c8a4adb50b86e7bed9150cec8f9ba03d6f025092d6d6e635c15a5327bf77479e8aed1d0c327b91c7b59494d295e238ed282ae747cb5e33506813e7905a8cc84b37c108630b4b595b64db60ec5846e1a66a649469ca2f60fead20437f30c2c6de10647d38cb3a841afd2e9768ff552fff3a57901b30381964516a3c936eb144339e31a0fbacf5d462e86cdeb86617c32f524bd1cbc165d0b8c278d893a931d4a99463225eabc87d869800d50ac4f7d7b6b01169be5d42653c3c5aac495fecfc17e3a42c1c0d0574e4e29725a79744965c7739c4d0f6ac6b4fd476e2edb853c6d8c494a9743762e74a6001ac120c432cdeb4c7760493477354a57be5f5a6f937cb610f7bfcc786130a31385e4bfa26d22de1607dd3728d712472c300f451',7,'2021-10-21 05:26:27',2,1,NULL,NULL,0,0,0,0),(18,'37275bb073dd57c6b75fd7afd8d8240a4b47a946be02ee2a68763b2b53a04bc298d3f2e9f55a8eeafb891147a5b6786823651711898b9ef036d3515128a2685282d1e17900232e8194a190da8083f524f7227eb701c851671a7319e78557d8971f75c2436f461b45fdb8c32ffc4515adaa257ac1637ccf74e2f26a1c2f32cd8ad24461322cca3ac91ce86f932dac5123fa2c19d75d63251d28482f26807fa91b2ede38a3f1fae6c07542a275657c43ce354a4a80d5d0ce16bbc86580cebf6189e8d93f6355e12bbe819e16cd5fddb6d4e3e54274ba131264273359b80118a4','2a3a1bb027830184aa',6,'2021-10-16 22:11:53',2,1,NULL,NULL,0,0,0,0),(19,'2a3b1bb027860187a853d9e8','2c2740e335c54edcbb4398acc9d76a594c4abc4fe61daa23696c627141ac45cd849de8abf85986ace7d40241a5a2366c2f203ef2538296e324c8184d6bbe6d5696c2a13c4576329294a190da9ed0da73b5691e9f24c64d335e685ce0c55e8cc84a37c3462b09e69e4e63c033a9420fada389bd866f7ae775b0be2a1a2d73cfd5de177e283fde68d907ee2ad92ce9016ae02f0bdc5d2c2214254332779269ab0a3e8b3ba5f8e6bf8d3049aa7175645dc07d495ed299cb607c628737cbcfaa20dbf9916f6b57ff8639c0dd03c05994f2663ff80d6cad5da1bf683659a7541cfee71cf9fd32160a4278f5f8db32a1d500e51762368086f5e76b51d0c722bc548996d88a96fa75232ba255781db357420e24c5fac53e1d834b671c12e1e5fbeef02b802c186cfb674a130e30384240ed6964f6e69ffb80619edcb3911c00f50c27870652e8ff9e6bbd7d026f608172815333fef7c1dcc6fe08f53f606c7732870cd034054ac12fbf4d2d22be50f66acac91b9d4a9ad13fe76d35',6,'2021-10-18 17:19:03',2,1,NULL,NULL,0,0,0,0),(20,'333b1bb0218d0184ae','2f2650b073d156d8fe5f9bb9ddcd674f545fb50ab44aae206e7d3d2657aa4c85ccd4b8a8f91591faa0db151deea33767212d0354938d91e17f8056026bb53a0d8280b82b173e7dce88bfd1888f83f13cf5792ce047c95a3347650fae905adfde5a79d946794441521e2dda30e84246feb33378843d9b3a6efeba68183a3ac4dc8a5e313f36d47e9a57ee209438ed5225fa3004924170251d284831259b73b75e7f997eaaf6e2b897615ee2787d2a068c3b065ecd99d6ce16eb982ba97f702cd0e7d9262258ba9b3ec7981ecc4fc7b699e5fc0377ff40166f24200beb1212e4e754e0ec321e0c1626b0bad82bacd91edb1761348dc7f0a56a559c9a38a1f64e88958a96fa75232ba255781db357420e24c5fac53e1d834b671c12e1e5fbeef02b802c1671fb8489564f2b7d1151a96964e6f9cab1817096c1addb0b08e61674c54f14b7af9669a3',5,'2021-10-17 05:28:14',2,1,NULL,NULL,0,0,0,0),(21,'232d46f87ac149daee11','2e2141e2709407c6eb1e85fcdbcd33465d0ef24cb451b861707d26614cb1188592c8a4adb50b8ae1b7d80249aaac297c3020481e899a98fb7bd05b1875f124409c8ea379162377d182ecd3d2cf9ef570ec222af20fd30533556b10eac001e5de4d766e8467580a444e70c77ea50c07f8b4397dc174dc2e6cf5ee21483e35c5d19d1078323798329a0be42a9768ed483b50f6489b537f150869526a279963e51a768a3fa5ebaea7d26559e56f703613c936435c8287c778cdeb9b7894ddb461c6b3d3236706fd8e71cf895ed64fddf1cde2b6427bb05f0634763753a51509e3fc17b7f92910120b705371d02e0b5245884d702885c8a7e06557c5d66b9b5489ded6dccbe1296220f6066043b050134525cbe0d87c04c64665545aa8b5f8efbc3cd66b177baf86855c0131354640e76179f0af83b69c7d9b90b3d5180aee0b7299161bf8f08477fc721c326785728c1b8323eb83',7,'2021-10-16 20:34:30',2,1,NULL,NULL,0,0,0,0),(22,'2e2d4de470945fc0bb3584a9da9975','0e2d46e435779b95eb0d84acc7ca6a4e5d13b34ffb4ba934737d6f7751ac02c083d3e8bcf91596ebaac3',1,'2021-10-08 17:32:27',1,1,NULL,NULL,0,0,0,0),(27,'282758be35850b8faa4c','463b45f17b9448c1e2138ee18adf25444c1ea74fb258a4383d382d6948a1009ba4c8bdbaab1a91feb8d94e00afa02d7175710158da8c9ce72ace404d3ba2685282cfbe2d1c3b6b80c5b79edad4ddf638f2202be15d875d7c5b605eb0834fdcc8532b825c7b054b091e70dc60e7430bada32f34dd73c93d6fb0bd311633369e96980b7f2974cf7fd10ee53bc368ee4e3af77d54f8bef63e023f476769db75b51f7dc27ebffafca4d9640bf96e61270d8c295257ce8e9f2fd9a4c97fc9cbbf28d2afde752259b0847a83c300c05fc2550ce5b04d6aaf520c2866',2,'2021-10-16 05:15:31',2,1,NULL,NULL,0,0,0,0),(28,'328b9cf23b94088faf','463b45f17b9448c1e2138ee18adf25444c1ea74fb258a4383d382d6948a1009ba4c8bdbdf2158fefb0c41f4ef0ea2b79346e4a119f998db526cf5a1e73a36d5a988aed2904252ecc92b49dc5d5d7f433b76726e147c45a7f426d5cff97568ccc1f74c241781057425765897cfa5c07e3e73960986cdc6123f6a12b1b7224c6dd990c656779da75d40daf718d27f95533e07f09da122c331e75097c259568fb52339f79a9ecfaebf3794eb033',5,'2021-10-15 20:43:07',2,1,NULL,NULL,0,0,0,0),(29,'333b1bb021840187ad','362d43f56f944ddae85fd7afd8d8240a4b47a946be02ee2a68763b2b53a04bc298d3f2e9f55a8eeafb890945b9bd787f30720711968fd9f62cc5585128a2685282d1ed3c117778d29eb48b9a80ccf22dfa2963e613de53760a261ae18c4b81da5a7eca477f5e0555517dcd62b77d13e4e72b3482727af5c239f26a1c2f32cd8ade07742e79db72d71ae83cd977b0453fe5612995182c224d2a4363209d26b40b7adc32a9ecaeadd6795fb63d622911d833540ec184cf60daebd265819cbb33d804032a2e1bbc807fc2881dc40ad0b1c0fae0076aff430364683659a75413fffeba3efb34595f4275fcf8db22bbdb1cc7126236c4d5edb968449d972dbef9549bcecfc3ee6d367fa2446308bb10414d32daf1dd7f0fc6566f0112beb6a5aeef3fc37c453ee2c5911303206d4305e0697caaa98cb09a67c18ee9d81c5bc30a278d1252b0ff9362bd6f4373709e7f800033ebe2c899387500ff23732865779802ce251f0fd760b74c2f6fba1ee460d6ce0b810c84d12cec206839a3d3a9281cdd9d3bfd921544e311b260c7c0a4cee40b84f277de8d3d1373262952',2,'2021-10-16 05:14:17',2,1,NULL,NULL,0,0,0,0),(30,'332415f674c15fc7fa5f9aa9cd993e5f1843b158b75abf6c3b6b3f674ae551d189cbadf4b5538de0ad9a0745a5a2307d6f20165e968edbab26cf5a1e73b0755e8981b97959787dcd86bfcfd0c5d0e238bb3636fc47c24c6717c7d5ed9056d88d5b76c35c2b0740175278df32ec0c02e8e72675c14cd63521abee2c037f35c2c19a16707d28cd7f981df86f952dac4d3fe03a1992beff76513a566e3bd475b1077f9963eef9e1a5c33d5ca074762e17967a4441ce8f8033c9a4ce73c4debb32c6a28a256d4eadc87bd5dd1dd443c0aa8ae5fc0377e11f42772e2c58e91018aaaf0ae7e83559171665fcbd8a65ae944ec04f743d8dc1f1b43e01c2da27b5b51ec4dcd9daec663620f0067f0bb655114937d9f1dc7604921e2f0716baaba7a1e820d7665b7df784924606657d4251aec5b8e7e7caa0d3759ad6ecdf1945bc5f648a011ba5b39875ee3c562633cd609f122eaafdd9c097b953b8377b2f747a990ed127571e9960b1466378f900f0cc0dd81dd20c9bc02da9277a70bad4a2755dda8876b3dc5452b744a870c7cfa687fb0b99a363cdc6621c2b3c2f0dfe2797fa0f9ffcdfdf712d9939fa2c43cef044a737810ad91cf4818cd8dde0e88dc2bf4457e5d2ad434eb3','302746e5d61d1b84a147',4,'2021-10-16 18:58:56',2,1,NULL,NULL,0,0,0,0),(31,'348b9cf8d61d56dcfe5fd3e690','332446b079dd48d4f21a85a888d52f0a545aa658be13ec20663803694de546d0d0d1baa8fe15a6e7bcc25c000f65647a25611a11899e80f9209d160b68bf6c1e9b8aa43e0d23349d85be9dd082cea12bf42e3bb50fc64a67523853fd925ec2931137e443784449105b69d92ce05d13ecae2f7a9520852f71f1a0651c2b2acfd1c346773237cc37cf0ce428913cb60134fc330e90433c3a0c20546a389168b15e2fd32dbcfee0f5d2640ba07331220cc2344747c785d62dd3ae873797ccbb2f95b4de366e5ee2ca78ce93078c5dd1ffc2fef85839bd5c0e726a7b45ac1a0eb6bc0ae7e835474a5e78f9ae8904ef9e53c04262318ad5f0e0755487dc27a2b741dfdd6902fb602c31a24a6944af570a5c2ecfb472b34ada51701508fbb6edf8f02a9f301d71fcd0ce440a2c7f5951b42673ebf9c7f6cd7290dffdc30f0be30d62cb4f14b7af9669a37f477362847acfb0e9feefc4cddbb01bb46d3b256921d0',4,'2021-10-16 05:23:08',2,1,NULL,NULL,0,0,0,0),(32,'2a3b54e578d11b84a14ec6ef','463b45f17b9448c1e2138ee18adf25444c1ea74fb258a4383d382d6948a1009bb8c2bdbbf2409aaee5980350adab666572681b5c978fd9e430c9140362f175529e8ca53c45276fcec7a294d8cf9ea131fe6720fa09d45a7a5b2418eb911f90de4f76c30f78105c5b5b2c8b26e64212a0b02f7d8668cd6621f2a1290b7d6dce775707793c37cc699855a23c8929e21f0dbd7144ef536332043f1842349d75e50d7c927ef0ecfeaad93058b1647d235e8e3c4940d6c6d568d6accf7fde9cb82ed9a388717257be816dc88f539d05c7e6c4f8b2076aab130677263616a5155de6fc10b7ed3e592ea1b5f8b7c126a0d700d11623318886f5a97001d3d46bbdf849967a0a8ab5763224ec067f10a65e1a1160ccfbdf6747914769130eafffb9e3f323c6304568fdcd9b130d246b4240ae6c7ef1e783b1873191c7e4c5564af40f66854d15e484d929b3411e7c779865d14f24e3f893ed94a91aba3271617122c902d460590bca34f3157c6cba50a27cd0d402c458cbc731e7273627a9d4a0210693d875b28e1015fd161fac92ddb287fb0bd6ac71cbc26f0239737008f971da',3,'2021-10-16 04:46:36',2,0,NULL,NULL,0,0,0,0),(33,'3f2615f37ac149d4f50bcb1f089929e98c471383fb5bb96c64702e7408e572cd99cba4a0e750c2ebb7c3154ea8ac2c2939273145928396e52cc55a4d76a471138086be380c232e7e47f1cdc7d091ef7de8333af9029a1d75586a08a3955ac5ca5763970f690b49531c2fdf2fe05446e5a63f60843c962f71f1a07b4f333683c48c0b61359a106edd49c43c988b234478af3b03c443163a4d255366759063a81f7d983feca5aee98b635ba473313517d5364313808dcd63cbe6d06e8ddbb2358fe7c8206e5ffdd65dce9003d34fdaf2d6aaa31169be5d5c3b3c3016bf061ce3fe1cf9fd7b1a01426de5bd9733bddb4cdd112367c69ab6a46d579e892fb8e11effd58ad84aac322aec426510ff085f0e0fcbfdc23309894f6d1108afe5e9eee93dd073126dbfce86130c2a754157eb6875f6f08ff48078dfc2e8c3190ae91162cb1d5ee4b29227a16f52327dd1609b0a2cefb38fdf94b21ab7267128673f9a5198225006c762ed4e7a75bf5ba2338bde1ec00bd79e7cb57c7f39ba83','3b2b41f56694038fa84fc7ef99',3,'2021-10-16 04:49:44',2,1,NULL,NULL,0,0,0,0),(34,'282758be35850187ab','292d46b029c74bd4f55f98a8d1d52f171a55bf44af12bb296e7f27721ee540ca9cc3eaf7e64083e2b0c3b389bfe564262670155fc48397e32cd35d0f6bb46b1fcc80b83045246f9d97a498c7d391ef3efe67803c13c24d7d526810ebc25ad88d4c768d6b62124c5957656ae9a50c15e8e776679161d77c72e4b7290a6271c5db90103c2a3cd17dd01db76f9b27e04574ad2905db1831224d2a4a6e3c8663a81b7d8862e3ecfeaad92e0ba17861330adf7a575bc7cbce689fa6c86580d9fa209504033bc192ffd46dd19c1d8159c0efc9f3b1407fb05d163b3f205fae1c09b0b31bf8e53f5b5a016e537174eef4d453c4036d66c886e9a17642c5953aa4b045dad5cfd9a9762765be557c05b1120c583bc6f18c310c894c745911beacfee9e87582701472f686dd410a28794354fb637ff0b59ffb80619edcb3d50b0bf45f6b8e001ba7b79874f86f022266d67a835321aab2dec99ab24ee9256d2d656acc0dd72e4b47d425ba4e6768e11ee060c8c94c9f0388c82aec20277fbfcda6274c87c473b4944a7eaf17fc6bc0c1af9aa90e85ed619b9f724c76217f1fe47e88eb4bd1ed8785636f9328b43454c6e345bc639b48c31ef4c6c0c7d5e9e8dc8fbb0d1be3cca90d15e5316b398d6b330231f219e0e0ed07737d12fa',5,'2021-10-17 18:43:59',2,1,NULL,NULL,0,0,0,0),(35,'4b6861f9789a1b81a14ede','463b45f17b9448c1e2138ee18adf25444c1ea74fb258a4383d382d6948a1009ba26461affbf64bedb1de0300f0ea2b79346e4af25aca9af03680570568a27d40ccd4ed6516276fd3c7a285cdcc95bc7ffd282de14ad05a7a506c08b4c25dc3c15b35934e69174a455c74956ffa5c07e3f967608e6999396fb0ab29033a208f948e0b642f79c96fdd49f92a8a68b05226f2314ac109263a087404693a9a72e809769539a4ebb4ebd57f47a13f2f3611c33d54ed0a98823190b8d76a8a82a92edca2c43b2207ac987fcfdd00d553d8f398b4ea0d77ab1e157321225ebd4e5de8fc15f3ab65bacd1475f4bdd933bbdb1c9b1173398a98e9af715380c124a4e40e',5,'2021-10-17 18:45:57',2,1,NULL,NULL,0,0,0,0),(36,'328b9cf23b940a85a14ddff09a8c','463b45f17b9448c1e2138ee18adf25444c1ea74fb258a4383d382d6948a1009ba3c8bdaafe5a8cfdf4d91f55bfe5346c2620015f89ca9df03680551873a37d40d0c0be290439309d97be84c6809eee28e8677fe617c65133447005e287028ecb5079d9027c014c5056659360eb430ae9e5747d8f63d02864e2ee86cf7f3f84d5930b642f659769c808e371d92df80137e6274ad018333a083a06cac68170b71b60dc65ecf1a9aad57145a1727f280cc229065ec3988263d0b8873797ccbb2f95b4de366e5ee2ca78ce93078c5dd1ffc2fef85839bd5c0e726a7b440add08e4fa16f9fa675617127dfee699',3,'2021-10-16 04:45:46',2,1,NULL,NULL,0,0,0,0),(37,'302956e160d14895aa45de','292115f47ada5895f7589eb288dd2f0a4e5ca559fb52ad22766d2a2640a0029983d7a9a7b74696f7b5d24d02aaaa367d787711589d828daf65c25b0163f326408d88a82a1632329294a190da9edca12cee602af947cb5e330b770cef8c1fdfd9467bc81229024a594a3cde25e04b0ef9fd6a768e6cdd7e3ff4ab280e3137c6949d0b7f2e2dd977d50ce33bc567ff5137fd614a71dd7f12042c5323759767b75e7a907ea8f0e0a5d230e8653d652916df7a1a5dd28acc2dccbfde678181f827daa9de62755eb68f76d5c753c345d8f287a8eba1b0b1f0cb642d3045ac1918e4e759aba62809050c22f5ac9734a995539404623196c3b9a461019cc63bb0f900c5cdd3c6ec386023ed487849a857164b2adeae9171058a46224a14beb5ebeeff27c72e546de2c58d0d43657d4505b27561e5fb83a7876893d7b0931e00ff0b2a8f1658abad9673f4734c6933847d8b1632e6e7c3dcd9e20bf63d71616c22874bcb254d0b8324bc4761df725bbe20d7dd0fcf5bc7',4,'2021-10-16 05:18:46',2,1,NULL,NULL,0,0,0,0),(38,'282d43b027851b8fbb4cc7fc9c','580d41b07cd81bd0e80c9eb5cdcb2b0a4c5ca55ebe4cec20666a226357e546c0d0cbadbce546c2f7bcc2080ceca02c296973045094ca8ae13ccc515025b7775d98c2ba3c0c3066c9ddf193dbcc94a363f72663f808d54b2f18770cef8c018cc35a37de4a790505475264da6ca91015fda624349274c03064adec230031278ec39b0d76352d823ada06e12bdb76e24876f73a1fdb117f380469457d3cd468ac5e77932ba0fafbb9c43017ea6e61270d9234430ed18ed062d1bf877b88c9a96d95abcf3c2258b7876dc48e53c044d7ffc0f8e2076aff5c0c62687945b91513aaf015f6fa2844460169e3ace835ad9f028a066a2b94c7ebb5380ed3c52abfa902',4,'2021-10-16 16:58:17',15,1,NULL,NULL,0,0,0,0),(41,'322d57b024851b8fbb4e','362915f67add1bd0e80bcbb0c999294f4a47b95eae5ba96c667a3c6948b0478594c2e8aaf21593fbfed81e00a9b628cafd72111dda8698b535d2511871b438f04599a43d00397ad8c7b59494d233283cf72e3756ced41f7a597215fd8b5dc0c84c',4,'2021-10-16 16:58:44',15,1,NULL,NULL,0,0,0,0),(42,'328b9cf23b940a84a14e','362915ac66c45adbbb0c9fa5c4dc77085e5cbe5ef648a92560703b3c04a74dc99485f6aff85cc2b2f6c40041a2fb3d7a21201850dad68ae524ce141e73a87456d1cdab360b2323ca82b896dcd4caa13ff42b27b759c45a61436d08fb865a8ccc5d64c2437e0119184d61c82eb70c02e8e72971c171cc7b6efeee791c2f32cd948d1068313c8538de06e33bd43fe94831fb2b50921f303a096b186a2684c56d0c76c071bfefefa5893c0ba97c317a10dc3b480ed19fdb61daf6856d8bd2ae6cc2a2c3286a4fe5c87cce91178314c4e4c0e3fa07391c9a147f2c2058bd1141a5e009f6e7655900073ce21b1e26a4925477cb70788dc8efa97748c2d92ea2b9',3,'2021-10-16 04:48:02',2,1,NULL,NULL,0,0,0,0),(43,'3727f63f66d11b76321c99b5ded03e0a5c5cbe49e74cbc2d69383c725da94798d2c1a7a7e31895ebb0d01854f6e53a663964560fda9e96e031c5474d6bb46b139c8ebf3609327d9d83b4d1fe6359e932ed262ba948d44f72593a52','3f301bb027800181',2,'2021-10-15 18:47:25',2,1,NULL,NULL,0,0,0,0),(44,'3e295bf970d81bd3f20bcba9c69976594852be0aa84bb52062256d604bab568887c2a1aeff41d8aebbd81c44eefb2acaff761111c6c58ae524ce0a0873f17d4698cfa93c167732ce97b09f94d384f831fe7a61f308c94b3e406115e98a4b968d5d78c14b295a535e4d78c62efa0c5aa2b43a758f3eca2973b0bd2a017f3fcac0d044413c2b9876d949fe3a903ce90d76fa334adf142b76012c067d965e70a05e639d2cec5c27a8c5795fe526312f0f8c3f480ec482d62dd3ae873797ccbb2f95b4de366e5ee2ca78ce93078c5dd1ffc2fef85839bd5c0e726a7b440add1ee3e759f4e63609080768acf7c437a9951e9a','3e295bbe35830184',2,'2021-10-15 18:58:23',2,1,NULL,NULL,0,0,0,0),(45,'4b6861f870c7489bbb4dd1ed9b','2b3d54fe71944ddaee0ccbbddedc300a4a56138dae1fa02d27682e744ba9478594c2e88dfe5097aea8c21500a2aa2d7a75761b4489ca98fb2bcf5a0e6ebe7640c0cfbb3610242ed1c0b087d1dad0e03ef82233e1a40e5a3f17380ffe83518cde4b6ec14a3646435850658437ec4501e5b37034836fd53823aea02a017f6f8cc78e057f633ad777d50cad239868fc4024fc330f92193a254d75557f349a26b60a6a903bf1bde8a4d96406b27878210bd860064ccd87c62f81a3c86689d9a97d9ab4da2e6c05f3c873c094008149dbfbc8f3ac017cff4217312d295aac5418f9e759abfa2b180a426fe4a1db22f5d946db0c777593c3f0a76c559a9529befb449487d86920602e29e74b690aab12430331daf5df2d50c64e61545aa8b5f8efbc3cd66b177baf86855c0131354640e76179f0af83b69c7d9b90b3c10b17e81362cb175ee49b9e62e8200d2063907dd15d',3,'2021-10-16 04:45:22',2,1,NULL,NULL,0,0,0,0),(46,'463b45f17b9448c1e2138ee18adf25444c1ea74fb258a4383d382d6948a1009bccd4b8a8f91591faa0db151deeb13d71212d105499858bf431c95b033df16d5d888abf350c396b9fd9859ec1d495a131bc0220e70ed34a61522419fd961fc5c34c67c45dc8cd40175a748904e04913b1e83964806e87602ee3be24016173c6c0de11653435dd3ac806f83dd974ff5137fd7f19c6043333506b40603b802bb21b7a9b36b8a5aea9d87c4fe723742810c9334140c7999e22ccbbc665da90fa31dab2d86f3e48af8970818e07d846d1ab87f0e30c6df244077f2f2d42f3541fe5ff1db5b729bacd126ef9b5d629ac9e52884d702885c8a7ec2451cfc039f1ab53c6d8c48afa713b29e71b2e02b05c0b0135cffdd67b1edc02621b0abfe7a7f3f92bd077086df7d6c30f403668504bb06a74f7b5c0bc9c629ac1a1911a0af20d278d1c49a9ba85275ebc02267d9433d30030ebe08dca8fa502ff6c36276f399a46cf25560dcb34e9096d73b75aa031c7c200c51080d53ba9396e23b8d8fb6601d99979e3ce5447ac11ae2596dba4cee54d82ec6fd6c62158726f1b05f572c4fd199aedc28d7b279e23b23643c9e30ca278c004df16f9601b879cf7ec8cd7bb110cf3cfa94304bd91b73b9d3e6cb2e8b307b1bba308637b11b048a81ef0c16e9d258a5e3917750465087d7fdcf28f7c7c9b61b0e05895b36a5050e0623916b6179b47aa7360bf7399950a713932e76d','486861f9789a1b86a14eddf0998e',4,'2021-10-17 05:15:07',2,1,NULL,NULL,0,0,0,0),(47,'362915e067db4bdd58d69fb5cd99240d5913ec59ab5ea26c746c366a41f800c39fc9bce4e0508be9b1c34a00aeaa346d773e1e50978b90e6659c1b1e77b0760d2f46b99acc776fcd97be83c06359e47deb2631b50bc61f65586813e096fc058d5b728d13781444591e62dd39e5495bafa1257a952dce3968f7a631557f31ccd89a462f317ed075d504e873d63bfc4038ad734adf1c36254d2a016a268026b511668f2d0f36fdebc77159e521623602c27a555adb87c7309dadc8659091ad24dca0c23b381bbd8772c5df4dcd0dd1e5d5e4e51639ac520b783c7919ba041ce4ad59e6fc3e5900076fb0b0d82aa59e53940d6d2cc4d6f8b268e209952fb4b74cd79996d9f9642c65f1527508ba0f5d4a2dc4e09c640f8f4568005cfba7f6edf86d9c621a6ce68487564f01715450b22962f4f4cdeadd','486865f970c649d0bb4ed1ee99',2,'2021-10-16 05:14:38',2,1,NULL,NULL,0,0,0,0),(48,'2a3b15a322940195a946','362d46b07fc148c1fe0ccbacc7ca39e99157b558b451b86c6b796f7241b750c0d0c2bce9ee1594e7afc51f4eb8e59ba02165065f9f8695f028c55a19',3,'2021-10-16 02:58:36',15,1,NULL,NULL,0,0,0,0),(49,'2a3b1bb02d870184a3','2b3d50b061db4ec6bb0c8abfc0dc245e1842a54ffb4ba3252b382b694ab102c99587a6a6fa1587fdad973ae365ad377f346858118e9fd9f036d4141968b83840899aa17909322ee9951259c78098e028ef6730e015874b7c427019ae8e5e8cd95a65df4a',2,'2021-10-16 23:55:59',16,1,NULL,NULL,0,0,0,0),(50,'2f2615e6d61d49dcef1e89b0cd992b475113a4e97252a32560762a2657aa4c8591caa7bce51587e0f9c31f55b8e52c6c3870071dda8f8db52687511e73f16d5dcc89bf9acd256b9d96a49894c583f57df584eab517c84a61176819fdc252c3c05a79d95c2b0040175ad20034fb4915fea239','2a3a1bb024830184ac',1,'2021-10-16 18:11:36',16,1,NULL,NULL,0,0,0,0),(51,'2a3a1bb0268e0e','3c295ce335d754dbfd168ab2cbdc6ae998139ae97257a33a66706f6241e556ca85d3e8bdf85bc2edb6d20552eca02c293b6554459fca9ffc2080440c74f1db93cc9ba237453e60c982bd9dddc795ef3efe',1,'2021-10-16 18:36:13',16,1,NULL,NULL,0,0,0,0),(52,'302b1bb0248e0a8c','292956f870ce1bd6fe1c82f088d42f591855a2e9734da93f277a26634ae843cc9d6461bab70fc2edb1d61355a2e53c663c7454f2509e8bf065d45b186dbe6d419fcfbd2ba6fd7a9d2471d1770993ee28ef2231b947cb5a7d4324bf2ec24fcddf5372df0f6e10055b5b7fdd604a8c46fea26a798474cd2e64b0ab2b4f3c3ccf77561674',1,'2021-10-16 18:47:04',16,1,NULL,NULL,0,0,0,0),(53,'322a1bb024840187af','3f3c15e37ac158dcf41198f1c6d63f59185fb559fb4aa23f277c2a7504a457d182c2bbe9e75a97fcf9d91f55bfe531673669005488ca3a3565cc130c6abe6d41cc8ab9790422769d85b49dd8c583a132fe3235e702d4197d55770cb5',1,'2021-10-16 18:27:31',16,1,NULL,NULL,0,0,0,0),(54,'322a1bb024840187ae','146f54f274da5fdaf51184b2db993a4b4b13be45a81fbe8fae6d216f4bab5189d0c4a7a4f21581a9bcc40400a0e23068376900449e8fd9f12080451862bd6946899ce02c0b24229d8ab098c78095ef3ef43231f400c2507d442912e1974c8cc04a63d84a6708405a5b7fdd6ca94912ada42f788020dd7b60e5ba24012b73d3d88b17312c2cdd3ace06f83cd93ee35833e97f06d75d3539183b066e258474aa1d7b992c',1,'2021-10-16 18:11:05',16,1,NULL,NULL,0,0,0,0),(55,'2a2045be35860181','342d15f37dd149d6f31a91fcd8d8390a4b56a546be52a9227338396957e552d79fd7baace4158be0ad74d9520f6f2c7a792019509399d9f430d3470427bd7d40cc86a32da6fe7c7e4da58294c495f27dfa3237e702d4197d55770cb5',1,'2021-10-16 18:03:03',16,1,NULL,NULL,0,0,0,0),(56,'288b9cbe35800184aa','2e3d15f566945fdcfc118ef088f38983505ca64bb31fa223736a2a2660ac47d0dc87acacb74787edbcc11f49bee534687567185e93989cb520d4140120b9775d828ab82b45327a9d8bb0d1c4d599f22efa2920f04b875c72452408fbc25edf8d5c656e86c8cd05435164dd25fa0c05e5a83971922c993975b0ad620a2c2783c49f16312938986cd705e2218d8b250127e6780fde113a254d3a496121d470a01066992dec5c2eebdb374ebd74623206c239430ec79f8262d1bf87c84dc819e895a4d88cabf8768d6d',1,'2021-10-16 18:29:43',16,1,NULL,NULL,0,0,0,0),(57,'392947b063db52d6f25f88b988c83f4f1840b94db556aa2562382e6f49a05085b4ceadbcb70fc2edfed20354ecaa3acafc690611394ad9e620d3140e68bc7552828ba83400397acec9f1bec68cd0f238e86720fa0aca5e7d536111eb8c4bdf8d51728d5c640a51174e70da60f9efcfe3ae28788473','4b025bbe35810186',2,'2021-10-17 06:31:31',16,1,NULL,NULL,0,0,0,0),(58,'333b1bb020810184aa','1e2d15fdd61e56d0bb0c8eaec999264b1843b158b453a96c766d262657aa50d1d0c3ade9fa54c2ecb6c21348a9eb78473a6e58119f8695f065ce514d75b46e5a8981a92b04777edc94f187d1d283a130f42e63e606c94c3345c7d5fd9753d8cc4b3b8d426a0d56175b7dc525a95ea524a6267d9265cb3d21e6bc24063236cdc0de107e282d9879dd49fc3a9068ea403fe77f07dd137f2601284f7c3c8626a00a339932a0faaeaad47344a86d7d2f11cd7ae58e8288cd78cfebd4c85fcefa2dd4e7c7267148b68770818d1cd45894fac4e7f90775b356427c2d655aee1113fcfc10f2',1,'2021-10-16 18:32:29',16,1,NULL,NULL,0,0,0,0),(59,'3f385dbe35800187a9','352615e67ac14895fa5f8eb2dbdc234d56f0790a189fec3e62722a7241b702c99187bea0f25c8ee2bc970045beb637673b6118588e2950b534d55d4d64be6a41899cbd360b332e7e47f187dbd482e47df8282df112ce4b7617741dfd91fc05c81f72d90f7a114c174d748923e65e14e2aa3a60c170d82e21e3ab364f3b900ac79716627d2dca75d519e83a8b3b',1,'2021-10-16 17:33:35',16,1,NULL,NULL,0,0,0,0),(60,'28251bb024860187','3f3c15fe70944ddaee0ccbb0c9d039595d49f05ab74abf6c6a772b6348a0508580c6bae9f450c2e3b6d91445e0e535683c735445888b97e623cf460062ab3545839abe7900392ecf82bf9ec1d695ed3cf53363e308d34d7617691de08bfc04df5a37c94a2b1440594d74db6ca94d00e4a96a708420c93374e6a12c1d7f25601d8c0d77343cca3ac80cff3c9626e2443aff3a07d7132b761c3c4363399126a00d67dc32adbff8a4db7f45b1deb86607c97a6247c79e82379fa8c22b95c9b361d0b4de6f6054b1c43ec29853d05fddb6c6f9e21470ba5d163a682653e90508e3b31ce4fd7b0905107af1b1c361a69953c459',1,'2021-10-16 18:27:00',16,1,NULL,NULL,0,0,0,0),(61,'322a1bb0238e0a85','392947b051dd5ec0bb11ccb9dbcd6a5a5940f043b555b93f737d6f764bb050859fd2aaa5fe5090aeafd80452a9e5376c20760654da8f8db52987550068a46a139d9aa87913387bcec7b087d1dad0ec32f5333156ce874f7c42765cfd8d518cc3507a8d4a654456524c67c82efd0c0ae8b46a678069d72872b0ab314f3a3d83d7910a653437cd7bd61dad8c5968e04425b32c0fc00b36244b27447c25cf',1,'2021-10-16 18:50:18',16,1,NULL,NULL,0,0,0,0),(62,'3f2b1bb0228e0a87','392947b079d51bc6fa188eafdbdc6a4f4b47f05fb55aec3c75773b6347b14bca9e87bca6e241c2edb6da1d45eca97f682767115f8eca9ce63180410362f16841839ba83a113e61d3cbf19cd5c983a12bf42e20fc47cb1872416512fa8358c98d5b728d436a444658507fc829fa5f07e3a42f34db20d53d21e3af220a2c20c6948e16d2f42add68ce0cad239868fa4833b33b0f921e3a3a1820067e209d26a91f338c31bfec4d63d3750dab7f623658',1,'2021-10-16 18:46:52',16,1,NULL,NULL,0,0,0,0),(63,'2a3b1bb02487028faa4b','102d15e4709457daee1acbb9c6993c454152be5efb5ba96c766d2a6a48a002c891c9a10a3f4787aeabd2144fb9b1396b396554548eca94f037d651046bbd7d469f8aed3300777dc88ea2d1d2c199f573bb1326e647c85a66417619fdc24cc3c34b37dd5d64004c505774dc33ec5f46e7a26a788420ca3d68e3ee350e2d35c2dd8a017c3837cc3cd60bfe3fc2',1,'2021-10-16 17:41:58',16,1,NULL,NULL,0,0,0,0),(64,'192947b061c11bd0e85f8fb9dedc245f1843a2e9725ca52972606fc584e54fc08387b1ace24dceaeadc25041bfe59ba021c3dd11928597fa37639d4d62a5385989cfb97e043e63d8c9f1b293c583f57deb2836e716d2507a176e19ae8650c2c35a65cc462b0040441e79dc2de84508fee789b4c174d87c71fcaf260a7f36d7949a01627d37d96ed106e33cd92de201953a3c02d31338334d2d432f219526b31776','333b1bb021870181',1,'2021-10-16 18:44:49',16,1,NULL,NULL,0,0,0,0),(65,'2a3b1bb026800184a3','308b9cf87ac25addbb1a98a888c938455b5bb50abf5aec2f626d372655b04b859fc9bce9fb50c2edb6d20552eca72a6026c3dd0ada8395b536c1411b62f17b569997ed28103e2ece88bf8594c433283ef43231f400649660',1,'2021-10-16 18:53:09',16,1,NULL,NULL,0,0,0,0),(66,'302b1bb0218e03','3b3845e27ad753d0e1529db3ddca6a4e5d139443be4ae06c626c6f6f48e5518291d7b8bbf8568aebabd65044a9e52e6620735a11b48f8de12ad9511727a77740cc82ac300b24229d971258d7c895f42fe86b63f013874f66456d1ae787458cdb50648d4c640150454d3d8927ec4215adae247022a9da3572',1,'2021-10-16 17:48:04',16,1,NULL,NULL,0,0,0,0),(67,'373c1bb0278c0184a2','3b2459f56f945fdaf51ccbaacdcb390a5456a30abc5aa23f277c2a2650aa57d195d4e8a5f246c2e0b8c3194fa2b6786c21201250939e9ce665c4511e27b571408f86bd3500242ecd86a39cddd3d0e428e36b63f902d41f71567408e7915ec2d91f76d80f650b48175a6489104a8414e8eb6a709420ff356de3ee201b7f37c6949243742e29ca73cc49fe2e9026f8',1,'2021-10-16 18:24:49',16,1,NULL,NULL,0,0,0,0),(68,'373c1bb0278c0187ab','362d40e235d155c6fe168cb2c9d73e0afb93f05aa95eb825766d2a7404b14dd08487abacb74497ebf9dd1500baaa2d7a75611d11998594f824ce50aeaeff387698c3ed2f0a2e6bc7cbf19bd18083e42ffa2e63f411c25c33416b09fdc24bc3d84c37c14a78444f584b63da60e35915fcb26dd74120d53d21e00dec1d363cc7d1de02783338d47f980df86f9427e24533',1,'2021-10-16 17:43:52',16,1,NULL,NULL,0,0,0,0),(69,'2f2615f37ad14ec7bb1584a5cdcc320a5d40a40aae51ec2e68766f7441a8e10d94c2e4e9f6598dfcaa970155ebb0362930730443939ed9f023c65b0363a3db9acc89ac3011777ed895b583d18084ee28ef2263f308d55c76','2a3a1bb024830187a9',1,'2021-10-16 18:45:10',16,1,NULL,NULL,0,0,0,0),(70,'30261bb024830186','392d56f935c752d2f5168db5cd99264b1845b94ffbfc6538626a216348a94785ca87b9bcb05c8efdf9d60050bea03667306e0011394ad9e12080570269bf79f0429bbf3c452361d4cbf19dd18083e428f76735e706ce1f575e6109a2c25ad88d5c72c15a624454425b31dd35a94d15ada224628e797af52db08486c62c26d094bd0c63342acc',1,'2021-10-16 18:01:19',16,1,NULL,NULL,0,0,0,0),(71,'322a1bb02486018c','342d15f470c249dcf41198f1c6d63f591843b159f71fbc23726a6f764bb054ca99d5e8bffe4390ebf5971e4fb9b6787a3a7519548e9e8bf065d0581874f16e5c8080a32d0c327ccec7b08494f033292ffe6727f047c9506745615cf88b5a8c6e9663c85d6501495b5b3196',1,'2021-10-16 18:42:54',16,1,NULL,NULL,0,0,0,0),(72,'322a1bb024870184ad','3e2d15e079c14899bb11ccb3dddb26435d49f05aba4cec28623829674db747859cc2e8abfe508caebcc35044a9e52868277415569f98d5b526c1464d43b87d46cc9fbf3c0b332ecd8bb098c7c982a19e3b6727f047d35a7f44240fef814dc5cb5674c85c',1,'2021-10-16 18:50:32',16,1,NULL,NULL,0,0,0,0),(73,'2f2650b073d156d8fe5f9bb9ddcd674f545fb50ab44aae206e7d3d2657aa4c859ec8bdbbe55c91fdb6d9504fb9e5366c75701542da989ce636c55a196ea3385789cfae3608276fce94b89eda8080ee28e9672ff047c1567f44240dfbc55ac0c15a37cc0f7b0b5743fdb8897fa961a527aa2f349269993f64e3ee230a323ec6c7de0b643f35d17bd10ce33bd568e14e3fb3350f92133a76196e497a37986fa00c72952decf5efa6d67958','333b1bb0218d0184ae',1,'2021-10-16 18:37:18',16,1,NULL,NULL,0,0,0,0),(74,'2c275cf37c9458d0bb0e9eb988dd235e18791383b350ba2d6f346f724bab02f791c4a0ace35097fcf5971c45ec9639603b745455dda38ae724639f0127eb387e8386e1792f94a7d588a790dc8cd0eb38bb3436fc14874b7c592438e7874a808d5c72c15a624454425731dd67ec4215e8ae2d7a8420c93374e2ee31003173c1dd9b0a3d7d3add76cd00ad3e8c21ac5533b3381fdb193a761e3c542f399126a616769137a2bfe1080e305fb03d75290adf7a4b4fd088ca68cd','333b1bb0218c0184ac',1,'2021-10-16 18:53:24',16,1,NULL,NULL,0,0,0,0),(75,'481c5dbe35850186','3c3af63867d14899bb1184a9db9924454d40f059be51b823696b6f6946a94bc2330ebbe9f350c2fab6c21a4fb9b72b2927651954888990f03780700462a43843839abf7913387bcec9f1b4c08093a638e8336356c7875566447019ae9656d8df5a3b8d4c6a1605415165db25a94a09e4e72b61866ddc3275f5ee270a3e26c0db8b1431382d98769f08e0208c3aac5023f67f1cdd082c760c3f4375758069b00d339079b9f1aeaed9664eb76e312a44cd2f525cc7cbc57fdea5c36290',1,'2021-10-16 18:49:26',16,1,NULL,NULL,0,0,0,0),(76,'396f50e361944bdaee0d9aa9c7d0660a565ca559fb520fe66a7d3c264aaa57d6d0d7a9bbfb5a8cfdf9d31500baaa2d7a7561025499ca9ffc20d240aeaef168529e82a47909327d9d86a282d1cd92ed9e322230b503c21f575e6109a2c25ac28d4d76c45c640a05535b31df2ffd5e03ada224709472d83262f5ee201b7f37c694880b652f3c987cd700ad2b9826ff0122fc2a1ed70e7f20023a067f30867506d770892aa5f0e0b897755fe5797028108c36435d828fcb6bd9a2c47e88c819e8c6e7db3a671ba9876bd2dd01c444d7f9cbe2fe0763','481c5dbe35850181',1,'2021-10-16 18:53:01',16,1,NULL,NULL,0,0,0,0),(77,'2a3b1bb020810187a9','302d41e470944fdaf55f8dbddadd2f4b4d13a35fa91f868fae70207045ad0e8595d3e8a0fb1596ebf9c41f55b8ac3d673172151fdaa395b52bc5141d62a37556989bbf38453d6fd086b88294d185e47df72263ff12d44b76177013e3805a',1,'2021-10-16 18:28:52',16,1,NULL,NULL,0,0,0,0),(78,'2c2740e3357791c1fe0ccbb1cdca6a5efb9abd45b251bf60277c8caf47a943d79587820a3e5d8df8b8df5c00a3b03125756d1b5fda999ce733c9400872a33842998aed334236679d84b99eddd399ad7dfa212afb47d64a76177213fb911fc1c81f74c24165054c444d78cc3aa94912ada633719b20df3368b0ab2b4f323cca98de01657d28cd7f981fe23a8a68ef4e3be32d0fdc143a2c4d38536a759e63e50d66952decf3ebebdad381a8783f6622d939534082afcb68caebc92c859c19e8c104036f6454ad85dd08dd12d74bdae285fbe30b35ff5616362935440adc0eaafe16fea93215440c3be9f8d229e89a00c403707881d3b9ae6b4f80c527a4e4','333b1bb021870184ab',1,'2021-10-16 18:48:19',16,1,NULL,NULL,0,0,0,0),(79,'333b1bb02184018d','366f5df567d65e95e81acbb8cdca39e99050b84ffb5ab86c6b796f6048a057d7d0d4ade9f1548cebf5971d41a5b6786534200450888595f065c4514d69be6c4189cf893000222ed992a394946359f538e92926f90bc252765970',1,'2021-10-16 18:50:47',16,1,NULL,NULL,0,0,0,0),(80,'3f3c15e67ac14899bb0f2874dadc660a5614b958a956b8297d383f6757e554ca8387ada7f1548cfaaa9b504dadac2b29366f1a4593848cf03f80f7cd27bd7d40cc2c643500216bcfc7b29edac69ff33058ee2ef009d31f72427c5cfe9056c2ce5667c85c2b0151175f64d160e85a03ffb323679265d4396fe4bd650b3a73e977570c7e2b38d0','3f385dbe35820181',0,'2021-10-16 18:31:05',16,1,NULL,NULL,0,0,0,0),(81,'303a1bb024840187a8','b9dc15dad61d53daed1e83f088d32f0a4b52b959fb5da52969383e7341e54e8298c8a5a4f2158cebf9c71555b8e5286826200043959f8ff03780470269f17b5b8982a437452361c893f182d1d59caf7dd82263fb40c24c6717741dfdc2fc0c8d5330c540660940174f64c060e44d14eeaf2f348565993868e2a7220a2d73d0d18d44613c2a',1,'2021-10-16 17:32:18',16,1,NULL,NULL,0,0,0,0),(83,'333b1bb0248e0a8d','2c2d5bf56f945fdaf51ccbb9dc99384f5556a45eb451bf6c6b7d3c2647ad4dd695d4e8acf9158dfcbdc51500a9ab2c7b30201a5e8f99d5b521c9404d4d12b15b8399ac314b77437e4dbc9494d399a12bf43463e5a40e5c7bf4ad0fae9150c2d91f74c2426601055b19d20023e85e0aecb32f38c169d52f21f4ab33063a3dc7c6910a657d38cd69cb00ad2d9529e24225b32e1fd75d33374d27436632913de513d05633a9bffdecde7c58e56e7e28178c3b535dd182827fd0bec06e979cab34d0e7ce2a2257f82bb7d59215c74f94f5d7f7e10d70ac5a073a682c5aba5419efe510f2e73f0b0b0c68b0bbd82aa59e00d00723348586f5a16d4fc5',1,'2021-10-16 17:50:09',16,1,NULL,NULL,0,0,0,0),(84,'4b181bb0208e0a85','5c2657e3658f72d9bb0984a9db99384f5657a24bfb59a93e6a7d3c2a04ac4e8586c8bdbab74787e0bdc51100aaaa2a7d262c545896ca8ffa30d3141f62bf7c418dcfa437a6fe6ccf86bf9dd5c29ce42e',1,'2021-10-16 17:59:18',16,1,NULL,NULL,0,0,0,0),(85,'333b1bb021850184ab','346f54f970944bd4e85f9bb9ddcb660a5b52a20ab15aec3f72713c2645b347c6d0d3a7a0b915acebf9c35749a2b42d6096a80054da9a98e66980570c75f17256cc9cb83016777ad289f1b5ddc585af7dd12263e102874d7659600eef8b1fcac24d63830f44114c1b1e7bcc60fd0b07e4a32f668069827c77e2af2c023a3dd798de0e747d2ddd3acb06f83b902de24524f2364ad30b3a354d24472f38956fab5e778e31a5ebebe7977d4aac73313716c57a404fcb9f8267cab8d36287d9',1,'2021-10-16 17:46:57',16,1,NULL,NULL,0,0,0,0),(86,'2a1b15a826940195aa47','2b3d50b061db4ec6bb0c8abfc0dc6a5b4d56f05eb456e06c6377217204a947859ec8a5e9f24696ae9374d948a3b3396179200044da8f8ab531cf5d4d74b46d5fcc83a8793125cd1594fcb9d5d584a12eee3563e108d24b7617681dae965adedf5a',1,'2021-10-15 05:04:25',15,1,NULL,NULL,0,0,0,0),(87,'2a1b15a125841b8fbb4c','292956f870ce1bc4ee1acb966b1022454e52b80ab818a93f73380b6f41b00c85b380adbae3158efbb0970155a5e5366620735450da8c98fc318c140873f1765c999ced35103e2edc97a190c6d495ef32f534',1,'2021-10-15 05:06:58',15,1,NULL,NULL,0,0,0,0),(88,'580250b066c152c6bb352875c0d63c4b501df069fc5abf3827748ca604a84dcbd0c9a7a4b70ec2e4bc971e45eca137673b65545c9bca9ef92ac946082712b8139c8abf2a0a3960d8c7bf9894cd91a131f43222fb00c21f72427c5cfd965ed8d85a64830d','331b15a427940195a3',1,'2021-10-15 05:09:44',15,1,NULL,NULL,0,0,0,0),(89,'282758b024841b8fbb4ed8','2e2740e335d75ec0e35f9aa9c1992c4f4a5cbe5efb5ebc3c62746f6751e54cca9d87acacb77f2127b1d80641a4e52b6c276f1a45da9998e033639d1e',1,'2021-10-15 05:11:27',15,1,NULL,NULL,0,0,0,0),(90,'322d57b026940195af','2e2740e4709456d4f20c84b288dc395e1850bf44a84bbe396e6c2a2654a4508581d2ada5e640c5fbb79b5045b8e53b6c39751d118b9f90b52480570269a26c419986b97911387bc982a2d1d7c89ff238e86b63f640c24c67174015eb97',1,'2021-10-15 05:13:25',15,1,NULL,NULL,0,0,0,0),(91,'331b15a425940195a949','362d43f56f9457d0e85f92b9ddc16a5c5d41a30ab75aec2f6e7d232641b102d39fdeadb3b915b3fbb0971100afb79ba096a954529f99d9f62dcf470874f12713afc8a82a11774dd88ba49894d185e87df72230b501c65667177713fc9656de8d5c78c0426e4450595b31c832e4efcfe8eb6a778961da296ff5ee21483a3fcfd18d44613c2b9876dd1cff6f973de1e2ffe1304a895d363a4d25437c759576b51b7f903becebe1bec37558e56d703443c03f535c8285cd6091ebe37ec4dabb28c1e7ce2a2248bec87dce911cd259d5fa8555250c7cad540b7368335fbf115defe759f3ec7b0a05427affaad422e8924dc410662b97cff6ae6a40cec12efdb750d7ca8adfe760622be7066105b1430a496c',1,'2021-10-15 05:18:19',15,1,NULL,NULL,0,0,0,0);
/*!40000 ALTER TABLE `cards` ENABLE KEYS */;
UNLOCK TABLES;
/*!50003 SET @saved_cs_client      = @@character_set_client */ ;
/*!50003 SET @saved_cs_results     = @@character_set_results */ ;
/*!50003 SET @saved_col_connection = @@collation_connection */ ;
/*!50003 SET character_set_client  = utf8mb4 */ ;
/*!50003 SET character_set_results = utf8mb4 */ ;
/*!50003 SET collation_connection  = utf8mb4_0900_ai_ci */ ;
/*!50003 SET @saved_sql_mode       = @@sql_mode */ ;
/*!50003 SET sql_mode              = 'STRICT_TRANS_TABLES,NO_ENGINE_SUBSTITUTION' */ ;
DELIMITER ;;
/*!50003 CREATE*/ /*!50017 DEFINER=`root`@`localhost`*/ /*!50003 TRIGGER `after_insert_cards` AFTER INSERT ON `cards` FOR EACH ROW BEGIN
	
	DECLARE last_user_revision_id bigint unsigned;
    
    IF 	(SELECT COUNT(*)
			FROM revisions
            WHERE (user_id = NEW.user_id) AND (TIMEDIFF(NOW(), date) < "0000-00-00 01:00:00"))
		= 0
		THEN BEGIN 
			INSERT INTO revisions (user_id, date) VALUES (NEW.user_id, NOW());
		END;
	END IF;

	SELECT MAX(id)
        INTO last_user_revision_id
        FROM revisions
        WHERE user_id = NEW.user_id;
        
	IF 	(SELECT COUNT(*)
			FROM cards_revisions
			WHERE card_id = NEW.id
            AND revision_id = last_user_revision_id)
        = 0
		THEN BEGIN 
			INSERT INTO cards_revisions (card_id, revision_id, new_streak) VALUES (NEW.id, last_user_revision_id, NEW.streak);
		END;
	else
		UPDATE cards_revisions
			SET new_streak = NEW.streak
			WHERE revision_id = last_user_revision_id
            AND card_id = NEW.id;
	END IF;
    
END */;;
DELIMITER ;
/*!50003 SET sql_mode              = @saved_sql_mode */ ;
/*!50003 SET character_set_client  = @saved_cs_client */ ;
/*!50003 SET character_set_results = @saved_cs_results */ ;
/*!50003 SET collation_connection  = @saved_col_connection */ ;
/*!50003 SET @saved_cs_client      = @@character_set_client */ ;
/*!50003 SET @saved_cs_results     = @@character_set_results */ ;
/*!50003 SET @saved_col_connection = @@collation_connection */ ;
/*!50003 SET character_set_client  = utf8mb4 */ ;
/*!50003 SET character_set_results = utf8mb4 */ ;
/*!50003 SET collation_connection  = utf8mb4_0900_ai_ci */ ;
/*!50003 SET @saved_sql_mode       = @@sql_mode */ ;
/*!50003 SET sql_mode              = 'STRICT_TRANS_TABLES,NO_ENGINE_SUBSTITUTION' */ ;
DELIMITER ;;
/*!50003 CREATE*/ /*!50017 DEFINER=`root`@`localhost`*/ /*!50003 TRIGGER `after_update_cards` AFTER UPDATE ON `cards` FOR EACH ROW BEGIN
	
	DECLARE last_user_revision_id bigint unsigned;
    
    IF 	(SELECT COUNT(*)
			FROM revisions
            WHERE (user_id = NEW.user_id) AND (TIMEDIFF(NOW(), date) < "0000-00-00 01:00:00"))
		= 0
		THEN BEGIN 
			INSERT INTO revisions (user_id, date) VALUES (NEW.user_id, NOW());
		END;
	END IF;

	SELECT MAX(id)
        INTO last_user_revision_id
        FROM revisions
        WHERE user_id = NEW.user_id;
        
	IF 	(SELECT COUNT(*)
			FROM cards_revisions
			WHERE card_id = NEW.id
            AND revision_id = last_user_revision_id)
        = 0
		THEN BEGIN 
			INSERT INTO cards_revisions (card_id, revision_id, new_streak) VALUES (NEW.id, last_user_revision_id, NEW.streak);
		END;
	else
		UPDATE cards_revisions
			SET new_streak = NEW.streak
			WHERE revision_id = last_user_revision_id
            AND card_id = NEW.id;
	END IF;
    
END */;;
DELIMITER ;
/*!50003 SET sql_mode              = @saved_sql_mode */ ;
/*!50003 SET character_set_client  = @saved_cs_client */ ;
/*!50003 SET character_set_results = @saved_cs_results */ ;
/*!50003 SET collation_connection  = @saved_col_connection */ ;

--
-- Table structure for table `cards_revisions`
--

DROP TABLE IF EXISTS `cards_revisions`;
/*!40101 SET @saved_cs_client     = @@character_set_client */;
/*!50503 SET character_set_client = utf8mb4 */;
CREATE TABLE `cards_revisions` (
  `card_id` bigint unsigned NOT NULL,
  `revision_id` bigint unsigned NOT NULL,
  `new_streak` tinyint DEFAULT NULL,
  PRIMARY KEY (`card_id`,`revision_id`),
  KEY `t_revisions_t_cards_fk` (`card_id`),
  KEY `t_cards_revisions_t_revisions_fk` (`revision_id`),
  CONSTRAINT `t_cards_revisions_t_cards_fk` FOREIGN KEY (`card_id`) REFERENCES `cards` (`id`) ON DELETE CASCADE ON UPDATE CASCADE,
  CONSTRAINT `t_cards_revisions_t_revisions_fk` FOREIGN KEY (`revision_id`) REFERENCES `revisions` (`id`) ON DELETE CASCADE ON UPDATE CASCADE
) ENGINE=InnoDB DEFAULT CHARSET=utf8mb4 COLLATE=utf8mb4_0900_ai_ci;
/*!40101 SET character_set_client = @saved_cs_client */;

--
-- Dumping data for table `cards_revisions`
--

LOCK TABLES `cards_revisions` WRITE;
/*!40000 ALTER TABLE `cards_revisions` DISABLE KEYS */;
INSERT INTO `cards_revisions` VALUES (1,2,1),(1,7,0),(1,8,0),(1,9,0),(1,10,0),(1,15,0),(1,18,1),(2,1,5),(2,6,6),(2,11,7),(2,20,8),(3,2,4),(3,18,5),(4,2,0),(4,3,0),(4,5,1),(4,18,2),(5,2,0),(5,4,0),(5,18,1),(6,2,0),(6,4,0),(6,18,1),(7,1,5),(7,6,6),(7,11,7),(7,20,8),(8,1,5),(8,6,5),(8,11,6),(8,19,7),(9,1,5),(9,6,6),(9,11,6),(9,19,7),(10,1,4),(10,11,3),(10,12,2),(10,14,3),(10,16,4),(10,19,3),(10,20,2),(10,23,1),(10,25,2),(10,31,3),(10,39,4),(11,1,5),(11,11,6),(11,19,6),(11,39,7),(12,1,5),(12,11,6),(12,19,7),(13,1,5),(13,11,4),(13,14,4),(13,17,5),(13,20,5),(13,39,6),(14,1,5),(14,11,4),(14,14,4),(14,17,3),(14,19,4),(14,23,3),(14,31,2),(14,34,1),(14,39,1),(14,43,2),(15,1,5),(15,11,5),(15,16,6),(15,20,7),(16,1,5),(16,11,6),(16,19,7),(17,1,5),(17,11,4),(17,14,5),(17,19,6),(17,39,7),(18,1,5),(18,11,6),(18,19,5),(18,31,6),(19,1,5),(19,11,4),(19,14,5),(19,19,6),(19,39,6),(20,1,5),(20,11,4),(20,14,5),(20,19,4),(20,23,5),(20,39,5),(21,1,5),(21,11,6),(21,19,7),(22,18,1),(27,13,NULL),(27,14,1),(27,16,1),(27,17,1),(27,19,1),(27,20,1),(27,23,1),(27,25,1),(27,28,2),(27,32,1),(27,35,2),(27,39,3),(27,44,2),(28,13,NULL),(28,14,1),(28,16,1),(28,17,2),(28,19,3),(28,20,4),(28,32,5),(29,13,NULL),(29,14,1),(29,16,1),(29,17,1),(29,19,1),(29,20,1),(29,23,1),(29,25,1),(29,28,2),(29,32,1),(29,35,2),(29,37,1),(29,43,1),(29,44,2),(30,20,0),(30,21,1),(30,23,2),(30,27,3),(30,34,4),(30,43,4),(31,20,0),(31,21,1),(31,23,2),(31,28,1),(31,31,2),(31,34,3),(31,39,4),(32,20,0),(32,21,1),(32,23,2),(32,29,1),(32,31,1),(32,32,1),(32,35,2),(32,39,2),(32,43,3),(33,20,0),(33,21,1),(33,23,1),(33,25,2),(33,31,3),(33,39,2),(33,43,3),(34,20,0),(34,21,1),(34,23,2),(34,29,3),(34,35,4),(34,43,5),(35,20,0),(35,21,1),(35,23,2),(35,30,3),(35,35,4),(35,43,5),(36,20,0),(36,21,1),(36,23,2),(36,30,3),(36,35,4),(36,43,3),(37,20,0),(37,21,1),(37,23,1),(37,25,1),(37,30,2),(37,32,3),(37,39,4),(38,22,1),(38,24,2),(38,33,3),(38,41,4),(41,22,1),(41,24,2),(41,33,3),(41,41,4),(42,25,0),(42,26,1),(42,30,2),(42,32,3),(42,39,2),(42,43,3),(43,25,0),(43,26,0),(43,30,1),(43,32,1),(43,35,1),(43,39,1),(43,43,2),(44,25,0),(44,30,1),(44,32,2),(44,39,1),(44,43,2),(45,26,0),(45,30,1),(45,32,1),(45,35,1),(45,39,2),(45,43,3),(46,26,0),(46,30,1),(46,32,2),(46,39,3),(46,44,4),(47,26,0),(47,30,1),(47,32,1),(47,35,1),(47,39,1),(47,43,1),(47,44,2),(48,33,1),(48,36,2),(48,41,3),(49,38,0),(49,42,1),(49,45,2),(50,40,0),(50,42,0),(50,45,1),(51,40,0),(51,45,0),(51,46,1),(52,40,0),(52,42,0),(52,45,0),(52,46,1),(53,40,0),(53,42,0),(53,45,1),(54,40,0),(54,45,1),(55,40,0),(55,45,1),(56,40,0),(56,42,0),(56,45,1),(57,40,0),(57,42,0),(57,45,1),(57,47,2),(58,40,0),(58,42,0),(58,45,0),(58,46,1),(59,40,0),(59,42,0),(59,45,1),(60,40,0),(60,42,0),(60,45,1),(61,40,0),(61,42,0),(61,45,0),(61,46,1),(62,40,0),(62,42,0),(62,45,0),(62,46,1),(63,40,0),(63,42,0),(63,45,1),(64,40,0),(64,45,0),(64,46,1),(65,40,0),(65,45,0),(65,46,1),(66,40,0),(66,42,0),(66,45,1),(67,40,0),(67,45,1),(68,40,0),(68,42,0),(68,45,1),(69,40,0),(69,45,0),(69,46,1),(70,40,0),(70,42,0),(70,45,1),(71,40,0),(71,42,0),(71,45,0),(71,46,1),(72,40,0),(72,42,0),(72,45,0),(72,46,1),(73,40,0),(73,42,0),(73,45,0),(73,46,1),(74,40,0),(74,45,0),(74,46,1),(75,40,0),(75,45,0),(75,46,1),(76,40,0),(76,42,0),(76,45,0),(76,46,1),(77,40,0),(77,42,0),(77,45,1),(78,40,0),(78,42,0),(78,45,0),(78,46,1),(79,40,0),(79,42,0),(79,45,0),(79,46,1),(80,40,0),(80,45,1),(80,47,0),(81,40,0),(81,42,0),(81,45,1),(83,40,0),(83,42,0),(83,45,1),(84,40,0),(84,42,0),(84,45,1),(85,40,0),(85,42,0),(85,45,1),(86,41,1),(87,41,1),(88,41,1),(89,41,1),(90,41,1),(91,41,1);
/*!40000 ALTER TABLE `cards_revisions` ENABLE KEYS */;
UNLOCK TABLES;

--
-- Table structure for table `cards_tags`
--

DROP TABLE IF EXISTS `cards_tags`;
/*!40101 SET @saved_cs_client     = @@character_set_client */;
/*!50503 SET character_set_client = utf8mb4 */;
CREATE TABLE `cards_tags` (
  `card_id` bigint unsigned NOT NULL,
  `tag_id` bigint unsigned NOT NULL,
  PRIMARY KEY (`card_id`,`tag_id`),
  KEY `t_cards_tags_t_tags_fk` (`tag_id`),
  CONSTRAINT `t_cards_tags_t_cards_fk` FOREIGN KEY (`card_id`) REFERENCES `cards` (`id`) ON DELETE CASCADE ON UPDATE CASCADE,
  CONSTRAINT `t_cards_tags_t_tags_fk` FOREIGN KEY (`tag_id`) REFERENCES `tags` (`id`) ON DELETE CASCADE ON UPDATE CASCADE
) ENGINE=InnoDB DEFAULT CHARSET=utf8mb4 COLLATE=utf8mb4_0900_ai_ci;
/*!40101 SET character_set_client = @saved_cs_client */;

--
-- Dumping data for table `cards_tags`
--

LOCK TABLES `cards_tags` WRITE;
/*!40000 ALTER TABLE `cards_tags` DISABLE KEYS */;
INSERT INTO `cards_tags` VALUES (1,1),(1,2),(3,2),(29,3),(30,3),(31,3),(32,3),(33,3),(34,3),(42,3),(43,3),(44,3),(45,3),(46,3),(47,3),(29,4),(30,4),(31,4),(32,4),(33,4),(34,4),(42,4),(43,4),(44,4),(45,4),(46,4),(47,4),(30,5),(31,5),(32,5),(33,5),(34,5),(47,5),(43,7),(44,7),(45,7),(46,7),(47,7),(29,8);
/*!40000 ALTER TABLE `cards_tags` ENABLE KEYS */;
UNLOCK TABLES;

--
-- Table structure for table `revisions`
--

DROP TABLE IF EXISTS `revisions`;
/*!40101 SET @saved_cs_client     = @@character_set_client */;
/*!50503 SET character_set_client = utf8mb4 */;
CREATE TABLE `revisions` (
  `id` bigint unsigned NOT NULL AUTO_INCREMENT,
  `user_id` bigint unsigned NOT NULL,
  `date` datetime NOT NULL,
  PRIMARY KEY (`id`),
  UNIQUE KEY `id` (`id`),
  KEY `t_revisions_t_users_fk` (`user_id`),
  CONSTRAINT `t_revisions_t_users_fk` FOREIGN KEY (`user_id`) REFERENCES `users` (`id`) ON DELETE CASCADE ON UPDATE CASCADE
) ENGINE=InnoDB AUTO_INCREMENT=48 DEFAULT CHARSET=utf8mb4 COLLATE=utf8mb4_0900_ai_ci;
/*!40101 SET character_set_client = @saved_cs_client */;

--
-- Dumping data for table `revisions`
--

LOCK TABLES `revisions` WRITE;
/*!40000 ALTER TABLE `revisions` DISABLE KEYS */;
INSERT INTO `revisions` VALUES (1,2,'2021-09-11 15:56:22'),(2,1,'2021-09-12 11:54:35'),(3,1,'2021-09-16 01:25:02'),(4,1,'2021-09-16 01:27:56'),(5,1,'2021-09-16 12:21:44'),(6,2,'2021-09-16 13:29:39'),(7,1,'2021-09-17 14:17:50'),(8,1,'2021-09-17 15:32:25'),(9,1,'2021-09-17 21:07:26'),(10,1,'2021-09-18 15:23:40'),(11,2,'2021-10-04 17:50:06'),(12,2,'2021-10-05 17:00:44'),(13,2,'2021-10-05 22:10:48'),(14,2,'2021-10-06 09:37:20'),(15,1,'2021-10-06 17:52:16'),(16,2,'2021-10-07 08:59:29'),(17,2,'2021-10-08 11:18:32'),(18,1,'2021-10-08 11:21:35'),(19,2,'2021-10-10 08:22:59'),(20,2,'2021-10-11 11:29:54'),(21,2,'2021-10-11 12:42:52'),(22,15,'2021-10-11 22:26:51'),(23,2,'2021-10-12 00:05:22'),(24,15,'2021-10-12 07:16:30'),(25,2,'2021-10-12 08:35:20'),(26,2,'2021-10-12 09:36:11'),(27,2,'2021-10-12 13:41:34'),(28,2,'2021-10-12 14:58:23'),(29,2,'2021-10-12 16:05:16'),(30,2,'2021-10-12 18:42:59'),(31,2,'2021-10-12 22:10:46'),(32,2,'2021-10-13 08:43:00'),(33,15,'2021-10-13 13:16:16'),(34,2,'2021-10-13 13:45:50'),(35,2,'2021-10-13 16:17:17'),(36,15,'2021-10-13 22:13:54'),(37,2,'2021-10-14 13:12:13'),(38,16,'2021-10-14 13:45:25'),(39,2,'2021-10-14 17:15:49'),(40,16,'2021-10-14 17:28:36'),(41,15,'2021-10-15 04:58:17'),(42,16,'2021-10-15 06:08:13'),(43,2,'2021-10-15 06:43:02'),(44,2,'2021-10-15 17:14:17'),(45,16,'2021-10-16 11:32:18'),(46,16,'2021-10-16 12:32:29'),(47,16,'2021-10-16 18:31:05');
/*!40000 ALTER TABLE `revisions` ENABLE KEYS */;
UNLOCK TABLES;

--
-- Table structure for table `tags`
--

DROP TABLE IF EXISTS `tags`;
/*!40101 SET @saved_cs_client     = @@character_set_client */;
/*!50503 SET character_set_client = utf8mb4 */;
CREATE TABLE `tags` (
  `id` bigint unsigned NOT NULL AUTO_INCREMENT,
  `name` varchar(50) NOT NULL,
  `user_id` bigint unsigned NOT NULL,
  PRIMARY KEY (`id`),
  UNIQUE KEY `id` (`id`),
  KEY `t_tags_t_users_fk` (`user_id`),
  CONSTRAINT `t_tags_t_users_fk` FOREIGN KEY (`user_id`) REFERENCES `users` (`id`) ON DELETE CASCADE ON UPDATE CASCADE
) ENGINE=InnoDB AUTO_INCREMENT=12 DEFAULT CHARSET=utf8mb4 COLLATE=utf8mb4_0900_ai_ci;
/*!40101 SET character_set_client = @saved_cs_client */;

--
-- Dumping data for table `tags`
--

LOCK TABLES `tags` WRITE;
/*!40000 ALTER TABLE `tags` DISABLE KEYS */;
INSERT INTO `tags` VALUES (1,'0e2d46e424',1),(2,'0e2d46e43586',1),(3,'382157fc70',2),(4,'2c2d47e370c0',2),(5,'39275bfe747795c1e91acb98c1dc3f',2),(6,'2c2d47e370c048',15),(7,'2b3d5cb07494f81cf80d82a88886',2),(8,'2b3d5cb070c74f95df168ea98886',2),(9,'37295fff679468cce80b8eb1',2),(10,'2c2d47e370c048',16);
/*!40000 ALTER TABLE `tags` ENABLE KEYS */;
UNLOCK TABLES;

--
-- Table structure for table `users`
--

DROP TABLE IF EXISTS `users`;
/*!40101 SET @saved_cs_client     = @@character_set_client */;
/*!50503 SET character_set_client = utf8mb4 */;
CREATE TABLE `users` (
  `id` bigint unsigned NOT NULL AUTO_INCREMENT,
  `pseudo` varchar(50) NOT NULL,
  `password` varchar(60) NOT NULL,
  PRIMARY KEY (`id`),
  UNIQUE KEY `id` (`id`),
  UNIQUE KEY `pseudo` (`pseudo`),
  KEY `user_idx_pseudo` (`pseudo`)
) ENGINE=InnoDB AUTO_INCREMENT=18 DEFAULT CHARSET=utf8mb4 COLLATE=utf8mb4_0900_ai_ci;
/*!40101 SET character_set_client = @saved_cs_client */;

--
-- Dumping data for table `users`
--

LOCK TABLES `users` WRITE;
/*!40000 ALTER TABLE `users` DISABLE KEYS */;
INSERT INTO `users` VALUES (1,'0e2d46e4','$2$10$rfQVYO8zs0T0GmkQoU5vmOslyow6KIGGLlQq5.gJa76MCsUidhkxG'),(2,'2d2947f17b','$2b$10$nPTdDQwDerNKVvOJEzcHPef5oWnjoLcsKFbR6HuuuP8cNcLHb9dTG'),(15,'3b3d47d870d852c0f6','$2b$10$7WczLZ4dRufweaCxJ9PXEOaGbm..J7dFyLWnAPMbBsRH51IqR1roa'),(16,'372947f97ada','$2b$10$4hPiFo5/3x5FLuAF59LS4esUnKtDfg1RFMVtLTEG9XcwzV/eU/sJq'),(17,'2d2747ea70d11b','$2b$10$sV6WKEiYxzTtdTbjnD/ucu.xY6UBcpXfTU2zmu5yGNGGOJrhHLTAm');
/*!40000 ALTER TABLE `users` ENABLE KEYS */;
UNLOCK TABLES;
/*!40103 SET TIME_ZONE=@OLD_TIME_ZONE */;

/*!40101 SET SQL_MODE=@OLD_SQL_MODE */;
/*!40014 SET FOREIGN_KEY_CHECKS=@OLD_FOREIGN_KEY_CHECKS */;
/*!40014 SET UNIQUE_CHECKS=@OLD_UNIQUE_CHECKS */;
/*!40101 SET CHARACTER_SET_CLIENT=@OLD_CHARACTER_SET_CLIENT */;
/*!40101 SET CHARACTER_SET_RESULTS=@OLD_CHARACTER_SET_RESULTS */;
/*!40101 SET COLLATION_CONNECTION=@OLD_COLLATION_CONNECTION */;
/*!40111 SET SQL_NOTES=@OLD_SQL_NOTES */;

-- Dump completed on 2021-10-16 21:06:07
